id;login;first_name;last_name;email;lang_key;image_url
1;Practical HDD applications;Ashton;Hagenes;Lewis_Metz37@hotmail.com;and Wyoming;quantify Planner
2;Washington CSS benchmark;Jakayla;Bednar;Crystal.Schmitt80@hotmail.com;Optimized Avon Shoes;Books
3;orchestration;Dennis;Orn;Gayle_Okuneva19@yahoo.com;plug-and-play Switchable Movies;Customer-focused
4;Administrator Officer optimize;Terry;Towne;Jennyfer_Deckow@hotmail.com;Public-key Implementation Som;navigate
5;Plain Carolina Licensed;Ayana;Bernhard;Bernadine_Leffler@gmail.com;invoice cutting-edge;leverage gold programming
6;Rustic Shirt Object-based;Camden;Jaskolski;Alessandro_Howe90@gmail.com;Representative application;deposit
7;panel approach;Amir;Bechtelar;Hailey.Waelchi@gmail.com;e-business Bike wireless;Garden invoice e-markets
8;world-class matrix;Leslie;Ritchie;Sage_Farrell44@hotmail.com;Response alliance Technician;Steel Account
9;generate Hill;Roxane;Ryan;Jess.Cummings@hotmail.com;Baby Planner Intelligent;world-class
10;Progressive task-force Avon;Kellen;Reichel;Zena.Mitchell@yahoo.com;Directives;indexing bypass
